Gender,ExerciseAngina,STDepression,Vessels,HeartDisease
Female,No,Absent,Zero,No
Male,No,Absent,One,Yes
Female,No,Absent,Zero,No
Male,No,High,Three,Yes
Male,No,Mild,Zero,No
Female,No,Mild,One,No
Female,No,Absent,Two,No
Male,No,Mild,One,No
Male,Yes,High,Zero,Yes
Male,Yes,Absent,Zero,No
Male,No,Mild,Zero,Yes
Male,No,Mild,Zero,No
Female,No,Mild,Zero,No
Female,No,Absent,One,No
Female,No,Mild,Two,No
Female,No,Mild,Zero,No
Male,No,Absent,Zero,No
Male,No,Mild,Zero,No
Male,No,High,One,Yes
Female,No,Absent,One,No
Male,No,Mild,Two,Yes
Male,No,High,One,Yes
Female,Yes,Mild,Zero,Yes
Male,No,Mild,Zero,No
Female,Yes,High,One,Yes
Male,No,Absent,Zero,No
Male,Yes,High,One,Yes
Male,No,Mild,Zero,Yes
Male,No,Mild,Zero,No
Male,No,Absent,Zero,No
Male,No,Absent,Zero,No
Female,No,Absent,Zero,No
Male,Yes,High,Two,Yes
Male,No,Absent,Zero,No
Female,Yes,Mild,Zero,No
Female,No,Mild,Zero,No
Male,No,Mild,Zero,Yes
Male,No,Mild,Zero,No
Female,No,High,Three,Yes
Male,No,Mild,Two,Yes
Female,No,Mild,Zero,No
Male,Yes,High,One,Yes
Male,Yes,High,Zero,Yes
Male,Yes,Mild,One,No
Female,No,Mild,Zero,No
Male,Yes,High,Zero,Yes
Male,No,Mild,One,No
Male,Yes,Absent,Three,Yes
Male,No,High,One,No
Female,No,Mild,Zero,No
Female,No,Absent,Zero,No
Male,No,High,Two,Yes
Female,No,Absent,Zero,Yes
Female,No,Mild,Zero,No
Male,Yes,Mild,Two,Yes
Female,Yes,Mild,Zero,Yes
Female,No,High,Zero,No
Female,No,Absent,One,No
Female,No,High,Two,Yes
Male,No,High,Zero,No
Female,No,Absent,Zero,No
Female,No,Mild,Zero,No
Female,No,High,Two,No
Male,No,High,Zero,Yes
Male,No,Absent,Zero,No
Male,No,Mild,One,Yes
Female,Yes,Mild,Zero,Yes
Male,No,Absent,Zero,No
Male,Yes,High,One,Yes
Male,Yes,Mild,One,Yes
Male,No,Absent,One,Yes
Female,Yes,High,Two,Yes
Male,No,Mild,Two,Yes
Male,No,Mild,Zero,No
Male,Yes,High,One,Yes
Male,No,High,Zero,Yes
Male,No,Absent,Zero,No
Male,No,Absent,Zero,No
Male,No,Absent,Zero,No
Male,No,Mild,Zero,No
Female,Yes,Absent,Zero,Yes
Male,Yes,Mild,Zero,Yes
Female,Yes,Mild,Two,Yes
Male,Yes,High,Zero,Yes
Male,Yes,High,Two,Yes
Male,No,High,Zero,No
Male,No,Mild,Zero,No
Female,Yes,High,Zero,Yes
Male,No,Mild,Zero,No
Male,Yes,High,Zero,Yes
Male,Yes,High,One,Yes
Male,Yes,Mild,One,Yes
Male,No,Mild,Zero,Yes
Female,No,Mild,Two,No
Male,No,Absent,Zero,Yes
Male,No,High,Zero,No
Male,No,High,Zero,No
Female,No,Mild,Zero,No
Male,No,High,Zero,Yes
Male,Yes,Mild,Two,Yes
Female,Yes,Absent,Zero,Yes
Male,No,Absent,Zero,No
Female,Yes,High,Two,Yes
Male,No,Absent,Zero,No
Female,No,Mild,Zero,No
Male,No,Absent,Three,No
Female,No,High,Two,Yes
Male,No,Mild,Zero,Yes
Male,Yes,Absent,Two,Yes
Male,No,Absent,Zero,No
Male,Yes,Mild,One,Yes
Male,No,Mild,Zero,Yes
Female,No,Mild,One,Yes
Female,No,Absent,Zero,No
Male,No,High,One,Yes
Male,Yes,Absent,Zero,No
Male,Yes,Absent,Three,Yes
Male,Yes,High,One,Yes
Male,Yes,High,Two,Yes
Male,No,Mild,Two,No
Male,Yes,Mild,Zero,No
Male,No,High,Two,Yes
Male,Yes,Mild,One,No
Male,Yes,Mild,One,Yes
Male,No,High,Three,Yes
Female,Yes,Absent,One,No
Male,No,Absent,Zero,Yes
Male,No,Mild,Zero,No
Male,No,Mild,One,No
Female,Yes,High,Zero,Yes
Male,Yes,Absent,Zero,No
Male,Yes,High,Three,Yes
Male,No,Absent,One,Yes
Male,Yes,High,Two,Yes
Male,Yes,Mild,One,Yes
Female,Yes,High,Two,Yes
Male,Yes,High,Two,Yes
Male,No,Absent,Zero,No
Male,No,Mild,Zero,Yes
Male,Yes,Mild,One,Yes
Female,No,High,Three,Yes
Female,Yes,Mild,Zero,Yes
Female,Yes,High,Two,Yes
Male,No,Absent,Zero,No
Male,No,Absent,One,Yes
Male,Yes,High,Zero,Yes
Male,Yes,High,Zero,Yes
Female,No,Absent,Zero,No
Male,Yes,High,One,Yes
Female,Yes,Mild,One,No
Male,Yes,High,Zero,Yes
Male,No,High,One,Yes
Male,No,Absent,One,Yes
Male,Yes,Absent,One,Yes
Male,Yes,High,Two,Yes
Female,Yes,Mild,Zero,No
Male,No,Absent,Zero,No
Male,No,High,Zero,No
Male,Yes,Mild,One,Yes
Male,No,Absent,Zero,No
Male,No,Mild,Zero,No
Male,Yes,High,Zero,Yes
Male,No,High,Two,Yes
Female,No,Mild,Zero,No
Male,Yes,High,Zero,Yes
Male,No,Mild,Zero,No
Male,Yes,Mild,One,Yes
Male,Yes,Mild,Zero,Yes
Female,No,Absent,Zero,No
Male,Yes,Mild,Zero,No
Male,No,Mild,Zero,No
Female,No,Absent,Zero,No
Male,No,Mild,One,Yes
Female,No,Absent,Zero,No
Male,No,Absent,Zero,No
Male,No,Absent,Zero,No
Male,No,Absent,Zero,Yes
Male,No,High,Zero,No
Male,No,Absent,Zero,No
Female,No,High,Zero,No
Male,No,Absent,Zero,No
Male,No,Mild,Zero,Yes
Male,No,Mild,Zero,No
Female,No,Mild,Zero,No
Male,No,Absent,Zero,No
Male,Yes,High,Zero,Yes
Female,Yes,Mild,Zero,No
Female,No,Mild,Zero,No
Male,Yes,High,Two,Yes
Female,Yes,Absent,Zero,No
Female,No,Absent,Zero,No
Female,No,Mild,Zero,No
Male,No,Mild,Zero,Yes
Male,No,Absent,Zero,Yes
Female,No,High,Zero,No
Female,No,High,Two,No
Female,No,Mild,Zero,No
Male,Yes,High,Zero,Yes
Male,No,Absent,Zero,Yes
Female,No,Mild,Zero,No
Female,No,Mild,Zero,No
Male,No,Mild,Three,Yes
Female,No,Mild,Zero,No
Male,No,High,Zero,No
Male,Yes,High,Three,Yes
Male,Yes,High,Zero,Yes
Female,No,Absent,Zero,No
Male,Yes,High,Zero,Yes
Male,No,Mild,One,Yes
Female,No,Mild,Zero,No
Male,Yes,High,One,Yes
Male,No,Mild,One,Yes
Female,No,Absent,Zero,Yes
Female,No,Absent,One,No
Male,No,Absent,Two,Yes
Female,No,Mild,Three,Yes
Male,No,Mild,One,Yes
Female,No,Absent,One,No
Male,No,Absent,Zero,No
Male,Yes,High,One,Yes
Male,No,High,Two,Yes
Female,No,Absent,Two,Yes
Male,Yes,Mild,One,Yes
Female,No,Mild,Zero,No
Female,No,Absent,Zero,No
Male,No,High,Zero,No
Male,Yes,Mild,Zero,No
Male,No,Absent,Zero,No
Male,Yes,High,Two,Yes
Male,No,Absent,Zero,No
Male,No,Mild,One,No
Male,No,Mild,Zero,No
Male,No,High,Zero,Yes
Male,Yes,Absent,One,Yes
Male,No,Absent,Zero,No
Female,No,Mild,Zero,No
Male,No,Mild,Zero,No
Male,No,Absent,Zero,No
Female,No,High,Zero,No
Male,No,High,Zero,No
Female,Yes,Absent,Zero,No
Male,No,Mild,Three,Yes
Female,No,High,Three,Yes
Male,Yes,High,Two,Yes
Male,Yes,Mild,Zero,No
Male,No,High,Zero,No
Male,Yes,Absent,One,Yes
Male,No,Absent,Zero,No
Female,No,Mild,Zero,No
Male,Yes,Mild,Three,Yes
Male,No,Absent,Zero,No
Male,No,High,Three,Yes
Male,No,Mild,Zero,No
Male,No,Absent,Two,No
Male,Yes,High,Zero,No
Male,No,Absent,Zero,No
Male,Yes,Mild,Zero,No
Male,No,High,Three,No
Male,No,Absent,One,Yes
Female,No,Absent,Zero,No
Male,No,Absent,Zero,No
Female,No,Mild,Zero,No
Male,Yes,Absent,Zero,Yes
Male,No,Mild,Two,Yes
Female,No,Mild,Zero,No
Male,No,Absent,Zero,No
Male,No,Mild,One,Yes
Male,Yes,Mild,One,Yes
Female,No,Absent,One,No
Male,No,Mild,Three,No
Male,Yes,High,Three,Yes
Male,Yes,Mild,One,Yes
Male,No,High,Three,Yes
Male,Yes,Absent,Zero,No
Male,No,Mild,One,No
Female,No,Mild,One,No
Female,No,Absent,Zero,No
Female,No,Absent,Zero,No
Female,No,Mild,Zero,No
Male,Yes,Absent,Three,Yes
Male,Yes,High,One,Yes
Female,No,Mild,Zero,No
Female,No,Mild,One,No
Male,No,Mild,Zero,No
Male,Yes,Absent,One,No
Female,No,High,Zero,No
Male,No,Absent,Zero,No
Female,No,Absent,Zero,No
Female,Yes,Absent,Zero,No
Male,Yes,Mild,Zero,No
Female,No,Absent,One,Yes
Male,Yes,High,Zero,No
Male,No,Absent,Zero,No
Male,No,Mild,Two,Yes
Male,No,Mild,One,Yes
Male,No,Mild,Two,Yes
Female,No,Absent,One,No
